<?xml version="1.0" encoding="UTF-8"?>
<project-private xmlns="http://www.netbeans.org/ns/project-private/1">
    <editor-bookmarks xmlns="http://www.netbeans.org/ns/editor-bookmarks/2" lastBookmarkId="0"/>
    <open-files xmlns="http://www.netbeans.org/ns/projectui-open-files/2">
        <group>
            <file>file:/C:/Users/kushw/OneDrive/Documents/NetBeansProjects/GlobalTransit/src/db/DbConnect.java</file>
            <file>file:/C:/Users/kushw/OneDrive/Documents/NetBeansProjects/GlobalTransit/src/gui/Vehicle.java</file>
            <file>file:/C:/Users/kushw/OneDrive/Documents/NetBeansProjects/GlobalTransit/src/gui/login.java</file>
            <file>file:/C:/Users/kushw/OneDrive/Documents/NetBeansProjects/GlobalTransit/src/gui/Driver.java</file>
            <file>file:/C:/Users/kushw/OneDrive/Documents/NetBeansProjects/GlobalTransit/src/gui/Home.java</file>
            <file>file:/C:/Users/kushw/OneDrive/Documents/NetBeansProjects/GlobalTransit/src/gui/VehicleCategory.java</file>
        </group>
    </open-files>
</project-private>
